{
  "loss": [
    0.00819248054176569,
    0.005272564943879843,
    0.0051388731226325035,
    0.005071362946182489,
    0.005022154655307531
  ],
  "precision": [
    0.9991540312767029,
    0.9992682933807373,
    0.9992666244506836,
    0.999273419380188,
    0.9992926716804504
  ],
  "recall": [
    0.9989974498748779,
    0.9990466833114624,
    0.9990670680999756,
    0.9990942478179932,
    0.9990993142127991
  ],
  "val_loss": [
    0.08728650957345963,
    0.07186400145292282,
    0.08560328930616379,
    0.07181322574615479,
    0.06365405023097992
  ],
  "val_precision": [
    0.9648875594139099,
    0.9673985838890076,
    0.9666815400123596,
    0.9690598845481873,
    0.9695658683776855
  ],
  "val_recall": [
    0.999231219291687,
    0.9991543889045715,
    0.999231219291687,
    0.999231219291687,
    0.999231219291687
  ]
}