{
  "loss": [
    0.10545363277196884,
    0.06404057890176773,
    0.05902034416794777,
    0.05783061683177948,
    0.057138748466968536
  ],
  "precision": [
    0.9743632674217224,
    0.9846172332763672,
    0.9853893518447876,
    0.9856157302856445,
    0.9854645133018494
  ],
  "recall": [
    0.9860302805900574,
    0.9894953966140747,
    0.991044282913208,
    0.9912230372428894,
    0.9915308356285095
  ],
  "val_loss": [
    0.26401329040527344,
    0.28657931089401245,
    0.24120363593101501,
    0.21807529032230377,
    0.17715884745121002
  ],
  "val_precision": [
    0.3058433532714844,
    0.2779444754123688,
    0.33243486285209656,
    0.33499547839164734,
    0.37775498628616333
  ],
  "val_recall": [
    0.9959514141082764,
    1.0,
    0.9986504912376404,
    0.997300922870636,
    0.9946019053459167
  ]
}