{
  "loss": [
    0.10545340180397034,
    0.0640493780374527,
    0.0590079165995121,
    0.05783785879611969,
    0.05715135857462883
  ],
  "precision": [
    0.9743635058403015,
    0.984607458114624,
    0.9854079484939575,
    0.9856649041175842,
    0.9856571555137634
  ],
  "recall": [
    0.9860402345657349,
    0.9894953966140747,
    0.9909847378730774,
    0.9912627339363098,
    0.991401731967926
  ],
  "val_loss": [
    0.2639804780483246,
    0.2842905521392822,
    0.24287272989749908,
    0.2170678675174713,
    0.17955249547958374
  ],
  "val_precision": [
    0.3057166635990143,
    0.28293243050575256,
    0.3291814923286438,
    0.3383699655532837,
    0.3760204017162323
  ],
  "val_recall": [
    0.9959514141082764,
    1.0,
    0.9986504912376404,
    0.997300922870636,
    0.9946019053459167
  ]
}