{
  "loss": [
    0.07115631550550461,
    0.02070915512740612,
    0.018413402140140533,
    0.017963174730539322,
    0.017362277954816818
  ],
  "precision": [
    0.9897444844245911,
    0.9956110715866089,
    0.9957389235496521,
    0.9957044720649719,
    0.9957586526870728
  ],
  "recall": [
    0.9951111078262329,
    0.9961066842079163,
    0.9970489144325256,
    0.9972622394561768,
    0.9975289106369019
  ],
  "val_loss": [
    0.04719926044344902,
    0.05272825434803963,
    0.05547887086868286,
    0.03160915896296501,
    0.048662006855010986
  ],
  "val_precision": [
    0.645312488079071,
    0.6091445684432983,
    0.5976845026016235,
    0.684385359287262,
    0.6191903948783875
  ],
  "val_recall": [
    0.9975845217704773,
    0.9975845217704773,
    0.9975845217704773,
    0.9951691031455994,
    0.9975845217704773
  ]
}