{
  "loss": [
    0.05641879886388779,
    0.020171161741018295,
    0.01933334395289421,
    0.0191214457154274,
    0.018613111227750778
  ],
  "precision": [
    0.9933837056159973,
    0.9944875836372375,
    0.9945486187934875,
    0.9945341944694519,
    0.994339108467102
  ],
  "recall": [
    0.9968470335006714,
    0.9981658458709717,
    0.9983477592468262,
    0.9984538555145264,
    0.9984689950942993
  ],
  "val_loss": [
    0.0713701993227005,
    0.048994630575180054,
    0.05475878342986107,
    0.057652898132801056,
    0.045098450034856796
  ],
  "val_precision": [
    0.5582468509674072,
    0.5880923271179199,
    0.5632984638214111,
    0.5466816425323486,
    0.581032395362854
  ],
  "val_recall": [
    0.9958847761154175,
    0.9958847761154175,
    0.9979423880577087,
    1.0,
    0.9958847761154175
  ]
}