{
  "loss": [
    0.018056178465485573,
    0.0021705948747694492,
    0.0018654168816283345,
    0.0017603796441107988,
    0.0016294923843815923
  ],
  "precision": [
    0.998521089553833,
    0.9996678829193115,
    0.9997304677963257,
    0.9997454285621643,
    0.9997658729553223
  ],
  "recall": [
    0.9991872310638428,
    0.9998284578323364,
    0.9998379945755005,
    0.9998366236686707,
    0.9998461604118347
  ],
  "val_loss": [
    0.046432964503765106,
    0.03839130699634552,
    0.021197309717535973,
    0.02696879953145981,
    0.025691378861665726
  ],
  "val_precision": [
    0.953960120677948,
    0.9705671072006226,
    0.983988344669342,
    0.9724919199943542,
    0.9779425263404846
  ],
  "val_recall": [
    0.9998151063919067,
    0.9998151063919067,
    0.9998151063919067,
    1.0,
    1.0
  ]
}