{
  "loss": [
    0.04071662202477455,
    0.004700482357293367,
    0.0038304661866277456,
    0.003327569691464305,
    0.0029520036187022924
  ],
  "precision": [
    0.9974112510681152,
    0.9993596076965332,
    0.9994717240333557,
    0.9995259642601013,
    0.9995585083961487
  ],
  "recall": [
    0.9983533620834351,
    0.9996562004089355,
    0.9996670484542847,
    0.9996417164802551,
    0.9996815323829651
  ],
  "val_loss": [
    0.04861278831958771,
    0.02913353219628334,
    0.03505772724747658,
    0.019838478416204453,
    0.019967785105109215
  ],
  "val_precision": [
    0.8800346255302429,
    0.9355432987213135,
    0.9316827058792114,
    0.9508426785469055,
    0.9499531984329224
  ],
  "val_recall": [
    0.9990167021751404,
    0.9990167021751404,
    0.9990167021751404,
    0.998525083065033,
    0.998525083065033
  ]
}