{
  "loss": [
    0.03146878629922867,
    0.0036463099531829357,
    0.0030224714428186417,
    0.0027481536380946636,
    0.002581837819889188
  ],
  "precision": [
    0.9985814690589905,
    0.9994297027587891,
    0.9995023012161255,
    0.9995049238204956,
    0.9995593428611755
  ],
  "recall": [
    0.9984753131866455,
    0.999751091003418,
    0.9998548030853271,
    0.9998729228973389,
    0.9998469948768616
  ],
  "val_loss": [
    0.053328242152929306,
    0.029922939836978912,
    0.03893907368183136,
    0.02440444752573967,
    0.025151889771223068
  ],
  "val_precision": [
    0.9169628620147705,
    0.9463512301445007,
    0.9348255395889282,
    0.9517426490783691,
    0.9530201554298401
  ],
  "val_recall": [
    0.9992957711219788,
    1.0,
    1.0,
    1.0,
    1.0
  ]
}