{
  "loss": [
    0.13772153854370117,
    0.07961101084947586,
    0.06631898134946823,
    0.06231702119112015,
    0.060227829962968826
  ],
  "precision": [
    0.9705264568328857,
    0.9809241890907288,
    0.9844273328781128,
    0.9849718809127808,
    0.9853209257125854
  ],
  "recall": [
    0.9814730286598206,
    0.9899719953536987,
    0.9923052191734314,
    0.9930399656295776,
    0.9930201172828674
  ],
  "val_loss": [
    0.3651193380355835,
    0.2458704113960266,
    0.24002397060394287,
    0.2050299346446991,
    0.22899441421031952
  ],
  "val_precision": [
    0.24780553579330444,
    0.3123938739299774,
    0.32409849762916565,
    0.3439103960990906,
    0.3363760709762573
  ],
  "val_recall": [
    0.9892183542251587,
    0.9919137358665466,
    0.993261456489563,
    0.993261456489563,
    0.993261456489563
  ]
}