{
  "n_rows": 3887242,
  "n_non_nan": 3884671,
  "n_nan": 2571,
  "nan_ratio": 0.0006613943767843628,
  "non_nan_ratio": 0.9993386056232156,
  "time_start": 1651363201,
  "time_end": 1690845831,
  "time_span": 39482630,
  "n_steps": 3887241,
  "Tu": 10,
  "n_consecutive_steps": 3887230,
  "n_broken_steps": 11,
  "consecutive_ratio": 0.9999971702294764,
  "broken_ratio": 2.829770523618165e-06,
  "min": -3.0,
  "max": 51.0,
  "mean": 8.553861832829602,
  "median": 0.0,
  "std": 13.896095025880232,
  "var": 193.10145696829335,
  "q01": -1.0,
  "q05": -1.0,
  "q10": 0.0,
  "q25": 0.0,
  "q75": 15.0,
  "q90": 35.0,
  "q95": 39.0,
  "q99": 43.0,
  "n_unique_values": 55,
  "zero_ratio": 0.5524439521390615,
  "positive_ratio": 0.3749475824336218,
  "negative_ratio": 0.07260846542731675,
  "measure_name": "PVPCS_Active_Power",
  "epoch_col": "segs",
  "value_col": "value",
  "parent_variant": "v1_0000"
}