{
  "loss": [
    0.26609861850738525,
    0.06702093034982681,
    0.05561138689517975,
    0.050798069685697556,
    0.04869353398680687
  ],
  "precision": [
    0.7271288633346558,
    0.94526207447052,
    0.9575527310371399,
    0.9656538963317871,
    0.9683066010475159
  ],
  "recall": [
    0.9912363290786743,
    0.9871915578842163,
    0.985438883304596,
    0.9855737090110779,
    0.9844951033592224
  ],
  "val_loss": [
    0.06849084794521332,
    0.03245052322745323,
    0.031202755868434906,
    0.03634583577513695,
    0.021642761304974556
  ],
  "val_precision": [
    0.08856682479381561,
    0.1812080591917038,
    0.18881118297576904,
    0.16564416885375977,
    0.28877004981040955
  ],
  "val_recall": [
    1.0,
    0.9818181991577148,
    0.9818181991577148,
    0.9818181991577148,
    0.9818181991577148
  ]
}