{
  "loss": [
    0.008367039263248444,
    0.005352988373488188,
    0.00520423986017704,
    0.005158990155905485,
    0.005062256008386612
  ],
  "precision": [
    0.9990862607955933,
    0.9992548823356628,
    0.999275803565979,
    0.9992871284484863,
    0.9993046522140503
  ],
  "recall": [
    0.9990285634994507,
    0.999056875705719,
    0.9990580081939697,
    0.9990800619125366,
    0.9990761280059814
  ],
  "val_loss": [
    0.10037919133901596,
    0.06370484083890915,
    0.0944700688123703,
    0.07868169248104095,
    0.0756123811006546
  ],
  "val_precision": [
    0.9603250622749329,
    0.9745031595230103,
    0.9644606113433838,
    0.9702896475791931,
    0.971447765827179
  ],
  "val_recall": [
    0.9994617700576782,
    0.9992310404777527,
    0.9995386600494385,
    0.9994617700576782,
    0.999384880065918
  ]
}