{
  "loss": [
    0.009022020734846592,
    0.0019986494444310665,
    0.0017047266010195017,
    0.0016432148404419422,
    0.0015091262757778168
  ],
  "precision": [
    0.9990278482437134,
    0.999688446521759,
    0.9997564554214478,
    0.9997388124465942,
    0.9997714161872864
  ],
  "recall": [
    0.9997496604919434,
    0.9997904896736145,
    0.9998326301574707,
    0.9998407959938049,
    0.999862551689148
  ],
  "val_loss": [
    0.03149435669183731,
    0.016992641612887383,
    0.027962274849414825,
    0.03106984868645668,
    0.010604895651340485
  ],
  "val_precision": [
    0.9662379622459412,
    0.982742965221405,
    0.9744236469268799,
    0.9716235399246216,
    0.9861465692520142
  ],
  "val_recall": [
    0.9998151659965515,
    1.0,
    1.0,
    1.0,
    1.0
  ]
}