{
  "loss": [
    0.00902207288891077,
    0.0019943774677813053,
    0.0017038208898156881,
    0.0016338274581357837,
    0.0015057162381708622
  ],
  "precision": [
    0.9990278482437134,
    0.9996857047080994,
    0.9997510313987732,
    0.9997456073760986,
    0.9997714161872864
  ],
  "recall": [
    0.9997496604919434,
    0.9997904896736145,
    0.99983811378479,
    0.9998489618301392,
    0.999862551689148
  ],
  "val_loss": [
    0.033057551831007004,
    0.01599711924791336,
    0.024894582107663155,
    0.03345197066664696,
    0.010764478705823421
  ],
  "val_precision": [
    0.9662379622459412,
    0.9841731786727905,
    0.97530198097229,
    0.9655541777610779,
    0.9857871532440186
  ],
  "val_recall": [
    0.9998151659965515,
    1.0,
    1.0,
    1.0,
    1.0
  ]
}