{
  "loss": [
    0.014475851319730282,
    0.00288473442196846,
    0.0024653496220707893,
    0.002324796747416258,
    0.0022638929076492786
  ],
  "precision": [
    0.9986642599105835,
    0.9994378685951233,
    0.9995233416557312,
    0.9995518326759338,
    0.9995622038841248
  ],
  "recall": [
    0.9997590184211731,
    0.999800443649292,
    0.999844491481781,
    0.99988853931427,
    0.9998937249183655
  ],
  "val_loss": [
    0.03531457111239433,
    0.054737724363803864,
    0.029653631150722504,
    0.047968145459890366,
    0.04208013787865639
  ],
  "val_precision": [
    0.9491809010505676,
    0.9385327100753784,
    0.9597837328910828,
    0.9546218514442444,
    0.9559071063995361
  ],
  "val_recall": [
    0.9996479153633118,
    1.0,
    1.0,
    1.0,
    1.0
  ]
}