{
  "n_rows": 3887242,
  "n_non_nan": 3884671,
  "n_nan": 2571,
  "nan_ratio": 0.0006613943767843628,
  "non_nan_ratio": 0.9993386056232156,
  "time_start": 1651363201,
  "time_end": 1690845831,
  "time_span": 39482630,
  "n_steps": 3887241,
  "Tu": 10,
  "n_consecutive_steps": 3887230,
  "n_broken_steps": 11,
  "consecutive_ratio": 0.9999971702294764,
  "broken_ratio": 2.829770523618165e-06,
  "min": -34.0,
  "max": 76.0,
  "mean": 29.817260715257483,
  "median": 37.0,
  "std": 15.704972195912369,
  "var": 246.64615167438055,
  "q01": -6.0,
  "q05": -1.0,
  "q10": 0.0,
  "q25": 35.0,
  "q75": 38.0,
  "q90": 38.0,
  "q95": 38.0,
  "q99": 42.0,
  "n_unique_values": 111,
  "zero_ratio": 0.10512988101180254,
  "measure_name": "FC_Active_Power",
  "epoch_col": "segs",
  "value_col": "value",
  "parent_variant": "v1_0000"
}