{
  "loss": [
    0.1401352733373642,
    0.007426929660141468,
    0.007256233599036932,
    0.007271915208548307,
    0.007228103931993246
  ],
  "precision": [
    0.9574207067489624,
    0.9999014139175415,
    0.9999014139175415,
    0.9999014139175415,
    0.9999014139175415
  ],
  "recall": [
    0.9970504641532898,
    0.9969521164894104,
    0.9969521164894104,
    0.9970504641532898,
    0.9970504641532898
  ],
  "val_loss": [
    0.003671567188575864,
    0.001931487233377993,
    0.0023664291948080063,
    0.002427295781672001,
    0.0019859010353684425
  ],
  "val_precision": [
    0.9740259647369385,
    0.9740259647369385,
    0.9740259647369385,
    0.9740259647369385,
    0.9740259647369385
  ],
  "val_recall": [
    1.0,
    1.0,
    1.0,
    1.0,
    1.0
  ]
}