{
  "loss": [
    0.3288235068321228,
    0.07458680868148804,
    0.04473286122083664,
    0.03849154710769653,
    0.034220337867736816
  ],
  "precision": [
    0.8215921521186829,
    0.9444738030433655,
    0.9637243151664734,
    0.9679028987884521,
    0.9690791368484497
  ],
  "recall": [
    0.9153103232383728,
    0.9853793382644653,
    0.9893792867660522,
    0.989931046962738,
    0.989931046962738
  ],
  "val_loss": [
    0.1118040531873703,
    0.04889756813645363,
    0.030508069321513176,
    0.03033597767353058,
    0.019727762788534164
  ],
  "val_precision": [
    0.08514190465211868,
    0.14209115505218506,
    0.1833910048007965,
    0.1821305900812149,
    0.19629628956317902
  ],
  "val_recall": [
    0.9622641801834106,
    1.0,
    1.0,
    1.0,
    1.0
  ]
}