{
  "loss": [
    0.23097077012062073,
    0.029544416815042496,
    0.014904704876244068,
    0.01029861532151699,
    0.00811427365988493
  ],
  "precision": [
    0.8937829732894897,
    0.9845624566078186,
    0.9920530915260315,
    0.9946603178977966,
    0.9959264993667603
  ],
  "recall": [
    0.9959524273872375,
    0.9999573826789856,
    0.9999147653579712,
    1.0,
    1.0
  ],
  "val_loss": [
    0.08075553923845291,
    0.02157902903854847,
    0.01509547233581543,
    0.017201976850628853,
    0.011251291260123253
  ],
  "val_precision": [
    0.1988505721092224,
    0.4650537669658661,
    0.5766666531562805,
    0.5766666531562805,
    0.6553030014038086
  ],
  "val_recall": [
    1.0,
    1.0,
    1.0,
    1.0,
    1.0
  ]
}