{
  "loss": [
    0.04034796357154846,
    0.03143604099750519,
    0.030848989263176918,
    0.03050890751183033,
    0.03036537393927574
  ],
  "precision": [
    0.9924583435058594,
    0.9936784505844116,
    0.9938385486602783,
    0.9938405156135559,
    0.9939540028572083
  ],
  "recall": [
    0.9952855706214905,
    0.9949347376823425,
    0.9948732852935791,
    0.9949299097061157,
    0.994855523109436
  ],
  "val_loss": [
    0.4139179289340973,
    0.4881802797317505,
    0.5431957840919495,
    0.4653651714324951,
    0.46543651819229126
  ],
  "val_precision": [
    0.6456456184387207,
    0.5625155568122864,
    0.5502915382385254,
    0.577551007270813,
    0.6091582775115967
  ],
  "val_recall": [
    0.9914361238479614,
    0.9938515424728394,
    0.9947299361228943,
    0.9942907094955444,
    0.9931927919387817
  ]
}