{
  "loss": [
    0.2731850743293762,
    0.1643839031457901,
    0.1312151998281479,
    0.12371346354484558,
    0.11999356746673584
  ],
  "precision": [
    0.839087963104248,
    0.9357990622520447,
    0.9570704698562622,
    0.9574910998344421,
    0.9587541818618774
  ],
  "recall": [
    0.9500938057899475,
    0.9454536437988281,
    0.9508342146873474,
    0.9539934992790222,
    0.9558199048042297
  ],
  "val_loss": [
    0.22240397334098816,
    0.1495191603899002,
    0.1668260097503662,
    0.13957908749580383,
    0.12241289019584656
  ],
  "val_precision": [
    0.06127886474132538,
    0.13796575367450714,
    0.11320754885673523,
    0.13830845057964325,
    0.1501632183790207
  ],
  "val_recall": [
    0.926174521446228,
    0.9194630980491638,
    0.926174521446228,
    0.9328858852386475,
    0.926174521446228
  ]
}