{
  "loss": [
    0.3375873863697052,
    0.2209317833185196,
    0.16402043402194977,
    0.13773588836193085,
    0.12851132452487946
  ],
  "precision": [
    0.8246418833732605,
    0.8732624650001526,
    0.9412636756896973,
    0.952515184879303,
    0.9552777409553528
  ],
  "recall": [
    0.9492052793502808,
    0.9489584565162659,
    0.9405667185783386,
    0.9505874514579773,
    0.9542403221130371
  ],
  "val_loss": [
    0.30684128403663635,
    0.2060713917016983,
    0.17930105328559875,
    0.14839167892932892,
    0.13909763097763062
  ],
  "val_precision": [
    0.03600823134183884,
    0.07969749718904495,
    0.11266447603702545,
    0.13300970196723938,
    0.14375655353069305
  ],
  "val_recall": [
    0.9395973086357117,
    0.9194630980491638,
    0.9194630980491638,
    0.9194630980491638,
    0.9194630980491638
  ]
}