{
  "n_rows": 3887242,
  "n_non_nan": 3884671,
  "n_nan": 2571,
  "nan_ratio": 0.0006613943767843628,
  "non_nan_ratio": 0.9993386056232156,
  "time_start": 1651363201,
  "time_end": 1690845831,
  "time_span": 39482630,
  "n_steps": 3887241,
  "Tu": 10,
  "n_consecutive_steps": 3887230,
  "n_broken_steps": 11,
  "consecutive_ratio": 0.9999971702294764,
  "broken_ratio": 2.829770523618165e-06,
  "min": -316.0,
  "max": 197.0,
  "mean": -55.58477230118072,
  "median": -26.0,
  "std": 61.623461243966425,
  "var": 3797.450975686632,
  "q01": -238.0,
  "q05": -158.0,
  "q10": -137.0,
  "q25": -119.0,
  "q75": -15.0,
  "q90": 11.0,
  "q95": 21.0,
  "q99": 26.0,
  "n_unique_values": 447,
  "zero_ratio": 0.004571558312145353,
  "measure_name": "Island_mode_MCCB_Active_Power",
  "epoch_col": "segs",
  "value_col": "value",
  "parent_variant": "v1_0000"
}