{
  "loss": [
    0.13936206698417664,
    0.007048930507153273,
    0.006939825601875782,
    0.006922603119164705,
    0.006927069276571274
  ],
  "precision": [
    0.9562764167785645,
    1.0,
    1.0,
    1.0,
    1.0
  ],
  "recall": [
    0.99715656042099,
    0.99715656042099,
    0.99715656042099,
    0.99715656042099,
    0.99715656042099
  ],
  "val_loss": [
    0.002520474372431636,
    0.0013523129746317863,
    0.0015156742883846164,
    0.0017054706113412976,
    0.0013893129071220756
  ],
  "val_precision": [
    1.0,
    1.0,
    1.0,
    1.0,
    1.0
  ],
  "val_recall": [
    1.0,
    1.0,
    1.0,
    1.0,
    1.0
  ]
}