{
  "loss": [
    0.0627129077911377,
    0.023698609322309494,
    0.02008901722729206,
    0.019261455163359642,
    0.018917176872491837
  ],
  "precision": [
    0.9947476387023926,
    0.9953235387802124,
    0.9952043294906616,
    0.9954530000686646,
    0.9952418804168701
  ],
  "recall": [
    0.9939335584640503,
    0.9958193302154541,
    0.9967978000640869,
    0.9970468282699585,
    0.997260332107544
  ],
  "val_loss": [
    0.06031738966703415,
    0.036955516785383224,
    0.050727806985378265,
    0.04909873008728027,
    0.04985968768596649
  ],
  "val_precision": [
    0.593123197555542,
    0.6576433181762695,
    0.5816901326179504,
    0.5808719992637634,
    0.5752089023590088
  ],
  "val_recall": [
    1.0,
    0.9975845217704773,
    0.9975845217704773,
    0.9975845217704773,
    0.9975845217704773
  ]
}