{
  "n_rows": 3887242,
  "n_non_nan": 3884671,
  "n_nan": 2571,
  "nan_ratio": 0.0006613943767843628,
  "non_nan_ratio": 0.9993386056232156,
  "time_start": 1651363201,
  "time_end": 1690845831,
  "time_span": 39482630,
  "n_steps": 3887241,
  "Tu": 10,
  "n_consecutive_steps": 3887230,
  "n_broken_steps": 11,
  "consecutive_ratio": 0.9999971702294764,
  "broken_ratio": 2.829770523618165e-06,
  "min": -601.0,
  "max": 400.0,
  "mean": 38.61636040200522,
  "median": -0.7,
  "std": 73.97503776500565,
  "var": 5472.306212334013,
  "q01": -1.7,
  "q05": -1.5,
  "q10": -1.2,
  "q25": -1.0,
  "q75": 113.300003,
  "q90": 121.300003,
  "q95": 137.0,
  "q99": 232.0,
  "n_unique_values": 1122,
  "zero_ratio": 0.002972709915460022,
  "positive_ratio": 0.3269919125712319,
  "negative_ratio": 0.6700353775133081,
  "measure_name": "GE_Active_Power",
  "epoch_col": "segs",
  "value_col": "value",
  "parent_variant": "v1_0000"
}