{
  "loss": [
    0.2547164559364319,
    0.05083858594298363,
    0.04197978228330612,
    0.03756441920995712,
    0.0357067734003067
  ],
  "precision": [
    0.7461397647857666,
    0.9643468260765076,
    0.9736039042472839,
    0.9780263900756836,
    0.9797171354293823
  ],
  "recall": [
    0.9902925491333008,
    0.9882701635360718,
    0.9896184206008911,
    0.9901577234268188,
    0.989888072013855
  ],
  "val_loss": [
    0.04578045383095741,
    0.04115958884358406,
    0.04384004324674606,
    0.035474490374326706,
    0.025777306407690048
  ],
  "val_precision": [
    0.1318407952785492,
    0.15497076511383057,
    0.15789473056793213,
    0.18644067645072937,
    0.2534562349319458
  ],
  "val_recall": [
    0.9636363387107849,
    0.9636363387107849,
    0.9818181991577148,
    1.0,
    1.0
  ]
}