{
  "loss": [
    0.0178018007427454,
    0.01573760248720646,
    0.015645941719412804,
    0.015577572397887707,
    0.015500085428357124
  ],
  "precision": [
    0.9951040148735046,
    0.9952313899993896,
    0.9952023029327393,
    0.9952297806739807,
    0.9952074289321899
  ],
  "recall": [
    0.9982438087463379,
    0.9982293248176575,
    0.9982966184616089,
    0.998283326625824,
    0.9983342289924622
  ],
  "val_loss": [
    0.04569269344210625,
    0.04999949038028717,
    0.043656110763549805,
    0.044623181223869324,
    0.047906454652547836
  ],
  "val_precision": [
    0.9822036623954773,
    0.9774070978164673,
    0.9830499887466431,
    0.9811655879020691,
    0.9744183421134949
  ],
  "val_recall": [
    0.9975728392601013,
    0.9986572861671448,
    0.9973662495613098,
    0.9980892539024353,
    0.9992769956588745
  ]
}