{
  "loss": [
    0.2321038395166397,
    0.028087586164474487,
    0.027281278744339943,
    0.0271286778151989,
    0.027159426361322403
  ],
  "precision": [
    0.7079868316650391,
    0.9973148107528687,
    0.9973148107528687,
    0.9973148107528687,
    0.9973148107528687
  ],
  "recall": [
    0.9821506142616272,
    0.970178484916687,
    0.970178484916687,
    0.970178484916687,
    0.970178484916687
  ],
  "val_loss": [
    0.015795225277543068,
    0.011592249386012554,
    0.014043222181499004,
    0.014404593035578728,
    0.0086460430175066
  ],
  "val_precision": [
    0.6600000262260437,
    0.6600000262260437,
    0.6600000262260437,
    0.6600000262260437,
    0.717391312122345
  ],
  "val_recall": [
    0.970588207244873,
    0.970588207244873,
    0.970588207244873,
    0.970588207244873,
    0.970588207244873
  ]
}