{
  "loss": [
    0.07622171193361282,
    0.008584180846810341,
    0.0055844481103122234,
    0.004412609618157148,
    0.0035231367219239473
  ],
  "precision": [
    0.9788637161254883,
    0.9964423775672913,
    0.9976046681404114,
    0.9980828166007996,
    0.9984989762306213
  ],
  "recall": [
    0.9978912472724915,
    1.0,
    1.0,
    1.0,
    1.0
  ],
  "val_loss": [
    0.033394988626241684,
    0.01723477989435196,
    0.012663573026657104,
    0.00882782507687807,
    0.004686158150434494
  ],
  "val_precision": [
    0.5666131377220154,
    0.7045907974243164,
    0.746300220489502,
    0.8059360980987549,
    0.8914141654968262
  ],
  "val_recall": [
    1.0,
    1.0,
    1.0,
    1.0,
    1.0
  ]
}