{
  "loss": [
    0.1323026865720749,
    0.016391059383749962,
    0.013657825998961926,
    0.011723996140062809,
    0.009291899390518665
  ],
  "precision": [
    0.9842519760131836,
    0.9921699166297913,
    0.9921748638153076,
    0.9921769499778748,
    0.9928051233291626
  ],
  "recall": [
    0.9961963295936584,
    0.9983698725700378,
    0.9990038275718689,
    0.9992755055427551,
    0.9997283220291138
  ],
  "val_loss": [
    0.017827030271291733,
    0.013671963475644588,
    0.012299363501369953,
    0.01033968385308981,
    0.005349648650735617
  ],
  "val_precision": [
    0.5126582384109497,
    0.5159235596656799,
    0.5259740352630615,
    0.5472972989082336,
    0.6428571343421936
  ],
  "val_recall": [
    1.0,
    1.0,
    1.0,
    1.0,
    1.0
  ]
}