{
  "loss": [
    0.019273458048701286,
    0.015692276880145073,
    0.015569301322102547,
    0.015509192831814289,
    0.015458774752914906
  ],
  "precision": [
    0.9946774840354919,
    0.9948859214782715,
    0.9948378205299377,
    0.9948192834854126,
    0.9948160648345947
  ],
  "recall": [
    0.9984748363494873,
    0.9985577464103699,
    0.9986569881439209,
    0.9987124800682068,
    0.9987432956695557
  ],
  "val_loss": [
    0.06296387314796448,
    0.04565536230802536,
    0.053487952798604965,
    0.04817328229546547,
    0.04544191434979439
  ],
  "val_precision": [
    0.9739834666252136,
    0.9793882369995117,
    0.9776620864868164,
    0.9757007360458374,
    0.9783026576042175
  ],
  "val_recall": [
    0.9996384382247925,
    0.9988120794296265,
    0.9991219639778137,
    0.999586820602417,
    0.999018669128418
  ]
}