{
  "loss": [
    0.023358328267931938,
    0.006364928092807531,
    0.005557562690228224,
    0.005319181364029646,
    0.00509151304140687
  ],
  "precision": [
    0.9975789785385132,
    0.9989768266677856,
    0.9991430044174194,
    0.9991909265518188,
    0.9992772340774536
  ],
  "recall": [
    0.9990084767341614,
    0.999337911605835,
    0.9993475079536438,
    0.9993858933448792,
    0.9993858933448792
  ],
  "val_loss": [
    0.05806254222989082,
    0.024996351450681686,
    0.045661818236112595,
    0.03186962753534317,
    0.028860770165920258
  ],
  "val_precision": [
    0.8647633194923401,
    0.9403350949287415,
    0.9052300453186035,
    0.9338474273681641,
    0.9334685802459717
  ],
  "val_recall": [
    1.0,
    0.999565601348877,
    1.0,
    0.999565601348877,
    0.999565601348877
  ]
}