{
  "loss": [
    0.06777135282754898,
    0.0510072261095047,
    0.0478610023856163,
    0.046619366854429245,
    0.04516374692320824
  ],
  "precision": [
    0.9875454306602478,
    0.9912959337234497,
    0.992097020149231,
    0.9923648238182068,
    0.9923175573348999
  ],
  "recall": [
    0.9925469756126404,
    0.9922703504562378,
    0.9919227361679077,
    0.9920087456703186,
    0.9921395778656006
  ],
  "val_loss": [
    0.3647925555706024,
    0.36846911907196045,
    0.318327933549881,
    0.3854246437549591,
    0.33859479427337646
  ],
  "val_precision": [
    0.5216230750083923,
    0.5245505571365356,
    0.5551449656486511,
    0.46998077630996704,
    0.5258203148841858
  ],
  "val_recall": [
    0.9918781518936157,
    0.9923858046531677,
    0.9913705587387085,
    0.9934009909629822,
    0.9923858046531677
  ]
}