{
  "loss": [
    0.2245669662952423,
    0.02522941306233406,
    0.02380848489701748,
    0.02350344881415367,
    0.024203864857554436
  ],
  "precision": [
    0.7409042119979858,
    0.9996355772018433,
    0.9996355772018433,
    0.9996355772018433,
    0.9996355772018433
  ],
  "recall": [
    0.9859380722045898,
    0.9765040874481201,
    0.9765040874481201,
    0.9765040874481201,
    0.9765040874481201
  ],
  "val_loss": [
    0.014667637646198273,
    0.00575180072337389,
    0.00497781578451395,
    0.011029175482690334,
    0.00939764454960823
  ],
  "val_precision": [
    1.0,
    1.0,
    1.0,
    1.0,
    1.0
  ],
  "val_recall": [
    0.9756097793579102,
    0.9756097793579102,
    0.9756097793579102,
    0.9756097793579102,
    0.9756097793579102
  ]
}