{
  "n_rows": 3887242,
  "n_non_nan": 3884361,
  "n_nan": 2881,
  "nan_ratio": 0.0007411424346619017,
  "non_nan_ratio": 0.999258857565338,
  "time_start": 1651363201,
  "time_end": 1690845831,
  "time_span": 39482630,
  "n_steps": 3887241,
  "Tu": 10,
  "n_consecutive_steps": 3887230,
  "n_broken_steps": 11,
  "consecutive_ratio": 0.9999971702294764,
  "broken_ratio": 2.829770523618165e-06,
  "min": 5.9,
  "max": 35.700001,
  "mean": 18.994631621030067,
  "median": 19.1,
  "std": 7.947464185816033,
  "var": 63.1621869848285,
  "q01": 7.0,
  "q05": 7.7,
  "q10": 8.2,
  "q25": 11.3,
  "q75": 26.5,
  "q90": 29.299999,
  "q95": 30.6,
  "q99": 32.599998,
  "n_unique_values": 299,
  "zero_ratio": 0.0,
  "positive_ratio": 1.0,
  "negative_ratio": 0.0,
  "measure_name": "Inlet_Temperature_of_Chilled_Water",
  "epoch_col": "segs",
  "value_col": "value",
  "parent_variant": "v1_0000"
}