{
  "loss": [
    0.07722509652376175,
    0.008266403339803219,
    0.005474129691720009,
    0.004261862952262163,
    0.0034921844489872456
  ],
  "precision": [
    0.9783018231391907,
    0.9965667724609375,
    0.9975007772445679,
    0.9982076287269592,
    0.9986239075660706
  ],
  "recall": [
    0.9978494644165039,
    1.0,
    1.0,
    1.0,
    1.0
  ],
  "val_loss": [
    0.024702351540327072,
    0.01515251025557518,
    0.017155490815639496,
    0.010065315291285515,
    0.011019401252269745
  ],
  "val_precision": [
    0.6164623498916626,
    0.7154471278190613,
    0.718367338180542,
    0.801822304725647,
    0.8073394298553467
  ],
  "val_recall": [
    1.0,
    1.0,
    1.0,
    1.0,
    1.0
  ]
}