{
  "loss": [
    0.043725114315748215,
    0.03296029567718506,
    0.03191474452614784,
    0.03157270327210426,
    0.03147958591580391
  ],
  "precision": [
    0.9918015003204346,
    0.9931908845901489,
    0.9932594895362854,
    0.9932671785354614,
    0.9933384656906128
  ],
  "recall": [
    0.9948927164077759,
    0.9947763681411743,
    0.9949686527252197,
    0.9949234127998352,
    0.9950380921363831
  ],
  "val_loss": [
    0.4727151393890381,
    0.4792957603931427,
    0.5114823579788208,
    0.48466214537620544,
    0.5034332275390625
  ],
  "val_precision": [
    0.5824458003044128,
    0.5731415152549744,
    0.5686913132667542,
    0.5564950704574585,
    0.5743012428283691
  ],
  "val_recall": [
    0.9964873790740967,
    0.9969264268875122,
    0.9969264268875122,
    0.9969264268875122,
    0.9969264268875122
  ]
}