{
  "loss": [
    0.2294689416885376,
    0.02993524633347988,
    0.014370179735124111,
    0.009487380273640156,
    0.007960655726492405
  ],
  "precision": [
    0.8947066068649292,
    0.9836958646774292,
    0.992725133895874,
    0.9952928423881531,
    0.9963070154190063
  ],
  "recall": [
    0.9959524273872375,
    0.9999573826789856,
    1.0,
    0.9999573826789856,
    1.0
  ],
  "val_loss": [
    0.08612997084856033,
    0.02626311592757702,
    0.013971096836030483,
    0.015308002941310406,
    0.015164968557655811
  ],
  "val_precision": [
    0.19265033304691315,
    0.42506143450737,
    0.5598705410957336,
    0.5653594732284546,
    0.6070175170898438
  ],
  "val_recall": [
    1.0,
    1.0,
    1.0,
    1.0,
    1.0
  ]
}