{
  "n_rows": 3887242,
  "n_non_nan": 3884671,
  "n_nan": 2571,
  "nan_ratio": 0.0006613943767843628,
  "non_nan_ratio": 0.9993386056232156,
  "time_start": 1651363201,
  "time_end": 1690845831,
  "time_span": 39482630,
  "n_steps": 3887241,
  "Tu": 10,
  "n_consecutive_steps": 3887230,
  "n_broken_steps": 11,
  "consecutive_ratio": 0.9999971702294764,
  "broken_ratio": 2.829770523618165e-06,
  "min": -216.800003,
  "max": 119.900002,
  "mean": -0.8926800492947793,
  "median": -0.1,
  "std": 11.834278740593486,
  "var": 140.05015331006294,
  "q01": -18.0,
  "q05": -0.6,
  "q10": -0.4,
  "q25": -0.2,
  "q75": 0.0,
  "q90": 0.0,
  "q95": 0.1,
  "q99": 0.2,
  "n_unique_values": 1547,
  "zero_ratio": 0.38490363791425325,
  "measure_name": "Battery_Active_Power",
  "epoch_col": "segs",
  "value_col": "value",
  "parent_variant": "v1_0000",
  "compatible": true,
  "measure_compatible": true,
  "incompatibility_reason": null
}