{
  "loss": [
    0.01250329241156578,
    0.009738128632307053,
    0.009482563473284245,
    0.009365574456751347,
    0.009297696873545647
  ],
  "precision": [
    0.998081624507904,
    0.9983242154121399,
    0.998448371887207,
    0.998484194278717,
    0.9985000491142273
  ],
  "recall": [
    0.9978739619255066,
    0.9979292750358582,
    0.9979329705238342,
    0.9979640245437622,
    0.9979840517044067
  ],
  "val_loss": [
    0.13702629506587982,
    0.1320905089378357,
    0.16014118492603302,
    0.15330904722213745,
    0.15541748702526093
  ],
  "val_precision": [
    0.9332887530326843,
    0.9415378570556641,
    0.9208685159683228,
    0.9343603253364563,
    0.9474971294403076
  ],
  "val_recall": [
    0.9983537197113037,
    0.9982821345329285,
    0.9987116456031799,
    0.9984968900680542,
    0.9984968900680542
  ]
}