{
  "loss": [
    0.1873769760131836,
    0.009670029394328594,
    0.00884852185845375,
    0.008407737128436565,
    0.007885711267590523
  ],
  "precision": [
    0.0,
    0.0,
    0.0,
    0.0,
    0.0
  ],
  "recall": [
    0.0,
    0.0,
    0.0,
    0.0,
    0.0
  ],
  "val_loss": [
    0.004144254140555859,
    0.0019166356651112437,
    0.0016695753438398242,
    0.0013169299345463514,
    0.0021327263675630093
  ],
  "val_precision": [
    0.0,
    0.0,
    0.0,
    0.0,
    0.0
  ],
  "val_recall": [
    0.0,
    0.0,
    0.0,
    0.0,
    0.0
  ]
}