{
  "loss": [
    0.1873769760131836,
    0.009670029394328594,
    0.0088485237210989,
    0.008407738991081715,
    0.007885717786848545
  ],
  "precision": [
    0.0,
    0.0,
    0.0,
    0.0,
    0.0
  ],
  "recall": [
    0.0,
    0.0,
    0.0,
    0.0,
    0.0
  ],
  "val_loss": [
    0.004144254606217146,
    0.0019166347337886691,
    0.0016695739468559623,
    0.0013169341254979372,
    0.002132713794708252
  ],
  "val_precision": [
    0.0,
    0.0,
    0.0,
    0.0,
    0.0
  ],
  "val_recall": [
    0.0,
    0.0,
    0.0,
    0.0,
    0.0
  ]
}