{
  "loss": [
    0.012008776888251305,
    0.009237603284418583,
    0.009029850363731384,
    0.008929353207349777,
    0.008878777734935284
  ],
  "precision": [
    0.9980567693710327,
    0.9983800053596497,
    0.9984478950500488,
    0.9984658360481262,
    0.9984511137008667
  ],
  "recall": [
    0.998123049736023,
    0.9981968402862549,
    0.9982242584228516,
    0.9982358813285828,
    0.9982600808143616
  ],
  "val_loss": [
    0.24322444200515747,
    0.14824356138706207,
    0.11900260299444199,
    0.1548091620206833,
    0.1496313214302063
  ],
  "val_precision": [
    0.8955137729644775,
    0.9254345297813416,
    0.9478585720062256,
    0.9356050491333008,
    0.9362873435020447
  ],
  "val_recall": [
    0.9989261031150818,
    0.998711347579956,
    0.9982101917266846,
    0.9985681772232056,
    0.9984249472618103
  ]
}