{
  "loss": [
    0.2359534204006195,
    0.028268437832593918,
    0.027461227029561996,
    0.027543142437934875,
    0.027474496513605118
  ],
  "precision": [
    0.7031835317611694,
    0.9982054829597473,
    0.9982050657272339,
    0.9982050657272339,
    0.9982054829597473
  ],
  "recall": [
    0.9808445572853088,
    0.9686547517776489,
    0.9684370756149292,
    0.9684370756149292,
    0.9686547517776489
  ],
  "val_loss": [
    0.01606220193207264,
    0.01021166704595089,
    0.012509479187428951,
    0.011590462177991867,
    0.010257666930556297
  ],
  "val_precision": [
    0.8157894611358643,
    0.8157894611358643,
    0.8157894611358643,
    0.8157894611358643,
    0.8157894611358643
  ],
  "val_recall": [
    0.9117646813392639,
    0.9117646813392639,
    0.9117646813392639,
    0.9117646813392639,
    0.9117646813392639
  ]
}