{
  "loss": [
    0.1862855851650238,
    0.0036479979753494263,
    0.002957324730232358,
    0.0028621365781873465,
    0.002791202859953046
  ],
  "precision": [
    0.0,
    0.0,
    0.0,
    0.0,
    0.0
  ],
  "recall": [
    0.0,
    0.0,
    0.0,
    0.0,
    0.0
  ],
  "val_loss": [
    0.0036246429663151503,
    0.0011112532811239362,
    0.0008480952237732708,
    0.0007500088540837169,
    0.0007137801731005311
  ],
  "val_precision": [
    0.0,
    0.0,
    0.0,
    0.0,
    0.0
  ],
  "val_recall": [
    0.0,
    0.0,
    0.0,
    0.0,
    0.0
  ]
}