{
  "loss": [
    0.09504301100969315,
    0.024754347279667854,
    0.02243826352059841,
    0.020787056535482407,
    0.02017918974161148
  ],
  "precision": [
    0.9936301112174988,
    0.9944437146186829,
    0.9944615364074707,
    0.9945233464241028,
    0.9944639801979065
  ],
  "recall": [
    0.9923958778381348,
    0.9976672530174255,
    0.9981822967529297,
    0.998500406742096,
    0.9986215829849243
  ],
  "val_loss": [
    0.06973123550415039,
    0.06203249469399452,
    0.05990096554160118,
    0.05524100363254547,
    0.054717350751161575
  ],
  "val_precision": [
    0.5665887594223022,
    0.5665887594223022,
    0.5600461959838867,
    0.5626450181007385,
    0.5632984638214111
  ],
  "val_recall": [
    0.9979423880577087,
    0.9979423880577087,
    0.9979423880577087,
    0.9979423880577087,
    0.9979423880577087
  ]
}