{
  "loss": [
    0.2555948793888092,
    0.15438158810138702,
    0.12228026241064072,
    0.11288711428642273,
    0.10908468812704086
  ],
  "precision": [
    0.8427528738975525,
    0.9421816468238831,
    0.9587638974189758,
    0.9606252908706665,
    0.9595480561256409
  ],
  "recall": [
    0.9635205864906311,
    0.958041250705719,
    0.9617928862571716,
    0.9646559357643127,
    0.9683581590652466
  ],
  "val_loss": [
    0.19592739641666412,
    0.1424083709716797,
    0.12158945202827454,
    0.13789398968219757,
    0.12015102803707123
  ],
  "val_precision": [
    0.07445181161165237,
    0.14051972329616547,
    0.17053364217281342,
    0.15055951476097107,
    0.16535432636737823
  ],
  "val_recall": [
    0.9798657894134521,
    0.9798657894134521,
    0.9865771532058716,
    0.9932885766029358,
    0.9865771532058716
  ]
}