{
  "loss": [
    0.11974076926708221,
    0.017743071541190147,
    0.01400693878531456,
    0.012672673910856247,
    0.011870878748595715
  ],
  "precision": [
    0.9927896857261658,
    0.9963759779930115,
    0.9962701201438904,
    0.9963856339454651,
    0.9962189793586731
  ],
  "recall": [
    0.9813337922096252,
    0.9953051805496216,
    0.9971717596054077,
    0.9979636669158936,
    0.998529314994812
  ],
  "val_loss": [
    0.027353763580322266,
    0.018434256315231323,
    0.0222301185131073,
    0.017403176054358482,
    0.014559959061443806
  ],
  "val_precision": [
    0.656410276889801,
    0.6515151262283325,
    0.6113743782043457,
    0.6449999809265137,
    0.6615384817123413
  ],
  "val_recall": [
    0.9846153855323792,
    0.9923076629638672,
    0.9923076629638672,
    0.9923076629638672,
    0.9923076629638672
  ]
}