{
  "loss": [
    0.026556091383099556,
    0.0034556209575384855,
    0.002914596349000931,
    0.0025766112376004457,
    0.0023421335499733686
  ],
  "precision": [
    0.9977635741233826,
    0.9992821216583252,
    0.9993757009506226,
    0.9994737505912781,
    0.9995361566543579
  ],
  "recall": [
    0.9992325901985168,
    0.9999241232872009,
    0.9998973608016968,
    0.9998795390129089,
    0.9998973608016968
  ],
  "val_loss": [
    0.025894882157444954,
    0.019409114494919777,
    0.02531255967915058,
    0.008586406707763672,
    0.02152017131447792
  ],
  "val_precision": [
    0.893340528011322,
    0.9285312294960022,
    0.9141274094581604,
    0.967155396938324,
    0.9176863431930542
  ],
  "val_recall": [
    1.0,
    1.0,
    1.0,
    0.9993939399719238,
    1.0
  ]
}