{
  "loss": [
    0.2025088220834732,
    0.030689073726534843,
    0.026469185948371887,
    0.02634856291115284,
    0.02627589739859104
  ],
  "precision": [
    0.7425158023834229,
    0.999452531337738,
    0.9994526505470276,
    0.9994526505470276,
    0.999452531337738
  ],
  "recall": [
    0.984514057636261,
    0.9749020934104919,
    0.9750800728797913,
    0.9750800728797913,
    0.9749020934104919
  ],
  "val_loss": [
    0.03320794552564621,
    0.009925547987222672,
    0.012847964651882648,
    0.015786927193403244,
    0.008690445683896542
  ],
  "val_precision": [
    0.9318181872367859,
    0.9318181872367859,
    0.9318181872367859,
    0.9318181872367859,
    0.9318181872367859
  ],
  "val_recall": [
    1.0,
    1.0,
    1.0,
    1.0,
    1.0
  ]
}