{
  "loss": [
    0.2568800747394562,
    0.025508670136332512,
    0.019311560317873955,
    0.017742730677127838,
    0.016483915969729424
  ],
  "precision": [
    0.9826804399490356,
    0.9904692769050598,
    0.990217387676239,
    0.9904011487960815,
    0.990582287311554
  ],
  "recall": [
    0.9900420308113098,
    0.9968938231468201,
    0.9987210035324097,
    0.9991777539253235,
    0.9993605017662048
  ],
  "val_loss": [
    0.047347523272037506,
    0.02764858305454254,
    0.024328581988811493,
    0.02400512620806694,
    0.020357318222522736
  ],
  "val_precision": [
    0.3913043439388275,
    0.3785046637058258,
    0.3802816867828369,
    0.3802816867828369,
    0.3857142925262451
  ],
  "val_recall": [
    1.0,
    1.0,
    1.0,
    1.0,
    1.0
  ]
}