{
  "loss": [
    0.12623290717601776,
    0.025622649118304253,
    0.017965512350201607,
    0.014660129323601723,
    0.013180491514503956
  ],
  "precision": [
    0.9855819344520569,
    0.9965025186538696,
    0.9962880611419678,
    0.9961816668510437,
    0.9961856007575989
  ],
  "recall": [
    0.970687210559845,
    0.99116051197052,
    0.9949244260787964,
    0.9968634247779846,
    0.9978899359703064
  ],
  "val_loss": [
    0.03795565664768219,
    0.029143908992409706,
    0.024384090676903725,
    0.021797167137265205,
    0.019188234582543373
  ],
  "val_precision": [
    0.6287128925323486,
    0.6066350936889648,
    0.6056337952613831,
    0.6056337952613831,
    0.6142857074737549
  ],
  "val_recall": [
    0.9844961166381836,
    0.9922480583190918,
    1.0,
    1.0,
    1.0
  ]
}