{
  "loss": [
    0.09527026861906052,
    0.013995331712067127,
    0.013975718058645725,
    0.013701724819839,
    0.013843958266079426
  ],
  "precision": [
    0.9926031231880188,
    0.9996182322502136,
    0.9996182322502136,
    0.9996182322502136,
    0.999713659286499
  ],
  "recall": [
    0.9939227104187012,
    0.9944924712181091,
    0.9944924712181091,
    0.9945874214172363,
    0.9945874214172363
  ],
  "val_loss": [
    0.00516874436289072,
    0.004194533918052912,
    0.004251584410667419,
    0.004087852314114571,
    0.003836230840533972
  ],
  "val_precision": [
    0.9285714030265808,
    0.9285714030265808,
    0.9285714030265808,
    0.9285714030265808,
    0.9285714030265808
  ],
  "val_recall": [
    1.0,
    1.0,
    1.0,
    1.0,
    1.0
  ]
}