{
  "loss": [
    0.0441758967936039,
    0.004634511191397905,
    0.002895595505833626,
    0.0024904757738113403,
    0.0022633725311607122
  ],
  "precision": [
    0.9974749684333801,
    0.9992287755012512,
    0.9994381666183472,
    0.9995719194412231,
    0.9996476769447327
  ],
  "recall": [
    0.9991167783737183,
    0.999812662601471,
    0.9998394250869751,
    0.9998617172241211,
    0.9998394250869751
  ],
  "val_loss": [
    0.03423117473721504,
    0.013430542312562466,
    0.009774417616426945,
    0.01611877791583538,
    0.014410214498639107
  ],
  "val_precision": [
    0.8976592421531677,
    0.9380329847335815,
    0.9694477319717407,
    0.9683098793029785,
    0.9683098793029785
  ],
  "val_recall": [
    0.9993939399719238,
    1.0,
    1.0,
    1.0,
    1.0
  ]
}