{
  "loss": [
    0.20461688935756683,
    0.03923874348402023,
    0.033340178430080414,
    0.03208703547716141,
    0.032227806746959686
  ],
  "precision": [
    0.8321378827095032,
    0.9658693671226501,
    0.9683117866516113,
    0.9685729742050171,
    0.9701937437057495
  ],
  "recall": [
    0.9921379089355469,
    0.9914482831954956,
    0.990482747554779,
    0.990482747554779,
    0.9877241253852844
  ],
  "val_loss": [
    0.039839595556259155,
    0.027302609756588936,
    0.055961742997169495,
    0.032539647072553635,
    0.040176037698984146
  ],
  "val_precision": [
    0.1497175097465515,
    0.16828478872776031,
    0.1383811980485916,
    0.16403785347938538,
    0.15662650763988495
  ],
  "val_recall": [
    1.0,
    0.9811320900917053,
    1.0,
    0.9811320900917053,
    0.9811320900917053
  ]
}