{
  "n_rows": 3887242,
  "n_non_nan": 3884658,
  "n_nan": 2584,
  "nan_ratio": 0.0006647386501792273,
  "non_nan_ratio": 0.9993352613498208,
  "time_start": 1651363201,
  "time_end": 1690845831,
  "time_span": 39482630,
  "n_steps": 3887241,
  "Tu": 10,
  "n_consecutive_steps": 3887230,
  "n_broken_steps": 11,
  "consecutive_ratio": 0.9999971702294764,
  "broken_ratio": 2.829770523618165e-06,
  "min": 399.0,
  "max": 497.0,
  "mean": 484.1666519935603,
  "median": 484.0,
  "std": 3.8307754196843655,
  "var": 14.674840316057928,
  "q01": 476.0,
  "q05": 478.0,
  "q10": 479.0,
  "q25": 481.0,
  "q75": 487.0,
  "q90": 489.0,
  "q95": 490.0,
  "q99": 492.0,
  "n_unique_values": 40,
  "zero_ratio": 0.0,
  "positive_ratio": 1.0,
  "negative_ratio": 0.0,
  "measure_name": "MG-LV-MSB_AC_Voltage",
  "epoch_col": "segs",
  "value_col": "value",
  "parent_variant": "v1_0000"
}