{
  "loss": [
    0.021751299500465393,
    0.006033985409885645,
    0.005110544618219137,
    0.004753978457301855,
    0.004489125218242407
  ],
  "precision": [
    0.9979090690612793,
    0.9992172718048096,
    0.9993354678153992,
    0.9993482232093811,
    0.9993961453437805
  ],
  "recall": [
    0.9988337755203247,
    0.9993290305137634,
    0.9994312524795532,
    0.9994376301765442,
    0.9994600415229797
  ],
  "val_loss": [
    0.06395427137613297,
    0.05286308005452156,
    0.031348902732133865,
    0.06875354796648026,
    0.0474526546895504
  ],
  "val_precision": [
    0.9244069457054138,
    0.9062622785568237,
    0.941465437412262,
    0.8926356434822083,
    0.8964577913284302
  ],
  "val_recall": [
    0.9982631206512451,
    0.9991315603256226,
    0.9986973404884338,
    1.0,
    1.0
  ]
}