{
  "loss": [
    0.02175130508840084,
    0.0060333008877933025,
    0.0051119071431458,
    0.004748387262225151,
    0.0045070587657392025
  ],
  "precision": [
    0.9979090690612793,
    0.9992140531539917,
    0.9993322491645813,
    0.9993546605110168,
    0.9993929862976074
  ],
  "recall": [
    0.9988337755203247,
    0.9993290305137634,
    0.9994312524795532,
    0.9994440674781799,
    0.9994632005691528
  ],
  "val_loss": [
    0.06395406275987625,
    0.05267395079135895,
    0.030994467437267303,
    0.06979567557573318,
    0.04596908763051033
  ],
  "val_precision": [
    0.9244069457054138,
    0.9062622785568237,
    0.9418509602546692,
    0.8922898173332214,
    0.8905645608901978
  ],
  "val_recall": [
    0.9982631206512451,
    0.9991315603256226,
    0.9986973404884338,
    1.0,
    1.0
  ]
}