{
  "n_rows": 3887242,
  "n_non_nan": 3884625,
  "n_nan": 2617,
  "nan_ratio": 0.0006732279595661911,
  "non_nan_ratio": 0.9993267720404339,
  "time_start": 1651363201,
  "time_end": 1690845831,
  "time_span": 39482630,
  "n_steps": 3887241,
  "Tu": 10,
  "n_consecutive_steps": 3887230,
  "n_broken_steps": 11,
  "consecutive_ratio": 0.9999971702294764,
  "broken_ratio": 2.829770523618165e-06,
  "min": 5.6,
  "max": 33.0,
  "mean": 18.73938314989323,
  "median": 18.0,
  "std": 6.359234117663821,
  "var": 40.439858563259556,
  "q01": 9.0,
  "q05": 10.2,
  "q10": 10.9,
  "q25": 12.8,
  "q75": 24.700001,
  "q90": 27.5,
  "q95": 28.700001,
  "q99": 30.9,
  "n_unique_values": 275,
  "zero_ratio": 0.0,
  "measure_name": "Outlet_Temperature",
  "epoch_col": "segs",
  "value_col": "value",
  "parent_variant": "v1_0000",
  "compatible": true,
  "measure_compatible": true,
  "incompatibility_reason": null
}