{
  "loss": [
    0.06336592882871628,
    0.047005049884319305,
    0.047213565558195114,
    0.0460771769285202,
    0.04511034116148949
  ],
  "precision": [
    0.9899688959121704,
    0.9924681186676025,
    0.9927263855934143,
    0.9926863312721252,
    0.9930019378662109
  ],
  "recall": [
    0.9916101098060608,
    0.9908894896507263,
    0.9906728863716125,
    0.9907774329185486,
    0.9907550811767578
  ],
  "val_loss": [
    0.32966458797454834,
    0.4152213931083679,
    0.30474770069122314,
    0.32352474331855774,
    0.3675205409526825
  ],
  "val_precision": [
    0.5381858348846436,
    0.4765149652957916,
    0.5596672296524048,
    0.5662895441055298,
    0.5259618163108826
  ],
  "val_recall": [
    0.9903602004051208,
    0.9934043884277344,
    0.9898528456687927,
    0.9903602004051208,
    0.9918822646141052
  ]
}