{
  "loss": [
    0.020506946370005608,
    0.0034569026902318,
    0.0029930854216217995,
    0.00256648869253695,
    0.0022342191077768803
  ],
  "precision": [
    0.9982908368110657,
    0.9994863271713257,
    0.9995297193527222,
    0.9995406270027161,
    0.9995803833007812
  ],
  "recall": [
    0.9995260834693909,
    0.9996128678321838,
    0.9996490478515625,
    0.9997503757476807,
    0.9997720718383789
  ],
  "val_loss": [
    0.03513084724545479,
    0.015386566519737244,
    0.03143899142742157,
    0.014341535978019238,
    0.018010247498750687
  ],
  "val_precision": [
    0.8904469609260559,
    0.956685483455658,
    0.9411764740943909,
    0.9690033197402954,
    0.9468778967857361
  ],
  "val_recall": [
    0.9990167021751404,
    0.9990167021751404,
    0.9990167021751404,
    0.9990167021751404,
    0.9990167021751404
  ]
}