{
  "loss": [
    0.024405494332313538,
    0.0039972527883946896,
    0.0034078871831297874,
    0.002965011866763234,
    0.0026485214475542307
  ],
  "precision": [
    0.99774569272995,
    0.9993779063224792,
    0.9994935989379883,
    0.9995442032814026,
    0.9995948076248169
  ],
  "recall": [
    0.9991787075996399,
    0.9996635317802429,
    0.9996635317802429,
    0.9996671676635742,
    0.9996888637542725
  ],
  "val_loss": [
    0.027779415249824524,
    0.013083376921713352,
    0.016901062801480293,
    0.015460497699677944,
    0.014492333866655827
  ],
  "val_precision": [
    0.892010509967804,
    0.9657794833183289,
    0.9517564177513123,
    0.9680800437927246,
    0.9662386775016785
  ],
  "val_recall": [
    0.9990167021751404,
    0.9990167021751404,
    0.9990167021751404,
    0.9990167021751404,
    0.9990167021751404
  ]
}